{"MSE": 645612290.7668228, "R2": 0.8509761152058919}